,satisfaccion_promedio,tasa_abandono,autoeficacia_3_anos,porcentaje_no_desempleados
satisfaccion_promedio,1.0,0.9939341092301347,0.7277436336334274,0.9256795590319742
tasa_abandono,0.9939341092301347,1.0,0.7446290712772147,0.8793647338019134
autoeficacia_3_anos,0.7277436336334274,0.7446290712772147,1.0,0.6536311773143081
porcentaje_no_desempleados,0.9256795590319742,0.8793647338019134,0.6536311773143081,1.0
